,S&P 500 Price,,,DAX Price
06-Jun-16,2109.41,,06-Jun-16,10121.08
07-06-16,2112.13,,07-06-16,10287.68
08-06-16,2119.12,,08-06-16,10217.03
09-06-16,2115.48,,09-06-16,10088.87
10-06-16,2096.07,,10-06-16,9834.62
11-06-16,2096.07,,11-06-16,9834.62
12-06-16,2096.07,,12-06-16,9834.62
13-06-16,2079.06,,13-06-16,9657.44
14-06-16,2075.32,,14-06-16,9519.2
15-06-16,2071.5,,15-06-16,9606.71
16-06-16,2077.99,,16-06-16,9550.47
17-06-16,2071.22,,17-06-16,9631.36
18-06-16,2071.22,,18-06-16,9631.36
19-06-16,2071.22,,19-06-16,9631.36
20-06-16,2083.25,,20-06-16,9962.02
21-06-16,2088.9,,21-06-16,10015.54
22-06-16,2085.45,,22-06-16,10071.06
23-06-16,2113.32,,23-06-16,10257.03
24-06-16,2037.41,,24-06-16,9557.16
25-06-16,2037.41,,25-06-16,9557.16
26-06-16,2037.41,,26-06-16,9557.16
27-06-16,2000.54,,27-06-16,9268.66
28-06-16,2036.09,,28-06-16,9447.28
29-06-16,2070.77,,29-06-16,9612.27
30-06-16,2098.86,,30-06-16,9680.09
01-07-16,2102.95,,01-07-16,9776.12
02-07-16,2102.95,,02-07-16,9776.12
03-07-16,2102.95,,03-07-16,9776.12
04-07-16,2102.95,,04-07-16,9709.09
05-07-16,2088.55,,05-07-16,9532.61
06-07-16,2099.73,,06-07-16,9373.26
07-07-16,2097.9,,07-07-16,9418.78
08-07-16,2129.9,,08-07-16,9629.66
09-07-16,2129.9,,09-07-16,9629.66
10-07-16,2129.9,,10-07-16,9629.66
11-07-16,2137.16,,11-07-16,9833.41
12-07-16,2152.14,,12-07-16,9964.07
13-07-16,2152.43,,13-07-16,9930.71
14-07-16,2163.75,,14-07-16,10068.3
15-07-16,2161.74,,15-07-16,10066.9
16-07-16,2161.74,,16-07-16,10066.9
17-07-16,2161.74,,17-07-16,10066.9
18-07-16,2166.89,,18-07-16,10063.13
19-07-16,2163.78,,19-07-16,9981.24
20-07-16,2173.02,,20-07-16,10142.01
21-07-16,2165.17,,21-07-16,10156.21
22-07-16,2175.03,,22-07-16,10147.46
23-07-16,2175.03,,23-07-16,10147.46
24-07-16,2175.03,,24-07-16,10147.46
25-07-16,2168.48,,25-07-16,10198.24
26-07-16,2169.18,,26-07-16,10247.76
27-07-16,2166.58,,27-07-16,10319.55
28-07-16,2170.06,,28-07-16,10274.93
29-07-16,2173.6,,29-07-16,10337.5
30-07-16,2173.6,,30-07-16,10337.5
31-07-16,2173.6,,31-07-16,10337.5
01-08-16,2170.84,,01-08-16,10330.52
02-08-16,2157.03,,02-08-16,10144.34
03-08-16,2163.79,,03-08-16,10170.21
04-08-16,2164.25,,04-08-16,10227.86
05-08-16,2182.87,,05-08-16,10367.21
06-08-16,2182.87,,06-08-16,10367.21
07-08-16,2182.87,,07-08-16,10367.21
08-08-16,2180.89,,08-08-16,10432.36
09-08-16,2181.74,,09-08-16,10692.9
10-08-16,2175.49,,10-08-16,10650.89
11-08-16,2185.79,,11-08-16,10742.84
12-08-16,2184.05,,12-08-16,10713.43
13-08-16,2184.05,,13-08-16,10713.43
14-08-16,2184.05,,14-08-16,10713.43
15-08-16,2190.15,,15-08-16,10739.21
16-08-16,2178.15,,16-08-16,10676.65
17-08-16,2182.22,,17-08-16,10537.67
18-08-16,2187.02,,18-08-16,10603.03
19-08-16,2183.87,,19-08-16,10544.36
20-08-16,2183.87,,20-08-16,10544.36
21-08-16,2183.87,,21-08-16,10544.36
22-08-16,2182.64,,22-08-16,10494.35
23-08-16,2186.9,,23-08-16,10592.88
24-08-16,2175.44,,24-08-16,10622.97
25-08-16,2172.47,,25-08-16,10529.59
26-08-16,2169.04,,26-08-16,10587.77
27-08-16,2169.04,,27-08-16,10587.77
28-08-16,2169.04,,28-08-16,10587.77
29-08-16,2180.38,,29-08-16,10544.44
30-08-16,2176.12,,30-08-16,10657.64
31-08-16,2170.95,,31-08-16,10592.69
01-09-16,2170.86,,01-09-16,10534.31
02-09-16,2179.98,,02-09-16,10683.82
03-09-16,2179.98,,03-09-16,10683.82
04-09-16,2179.98,,04-09-16,10683.82
05-09-16,2179.98,,05-09-16,10672.22
06-09-16,2186.48,,06-09-16,10687.14
07-09-16,2186.16,,07-09-16,10752.98
08-09-16,2181.3,,08-09-16,10675.29
09-09-16,2127.81,,09-09-16,10573.44
10-09-16,2127.81,,10-09-16,10573.44
11-09-16,2127.81,,11-09-16,10573.44
12-09-16,2159.04,,12-09-16,10431.77
13-09-16,2127.02,,13-09-16,10386.6
14-09-16,2125.77,,14-09-16,10378.4
15-09-16,2147.26,,15-09-16,10431.2
16-09-16,2139.16,,16-09-16,10276.17
17-09-16,2139.16,,17-09-16,10276.17
18-09-16,2139.16,,18-09-16,10276.17
19-09-16,2139.12,,19-09-16,10373.87
20-09-16,2139.76,,20-09-16,10393.86
21-09-16,2163.12,,21-09-16,10436.49
22-09-16,2177.18,,22-09-16,10674.18
23-09-16,2164.69,,23-09-16,10626.97
24-09-16,2164.69,,24-09-16,10626.97
25-09-16,2164.69,,25-09-16,10626.97
26-09-16,2146.1,,26-09-16,10393.71
27-09-16,2159.93,,27-09-16,10361.48
28-09-16,2171.37,,28-09-16,10438.34
29-09-16,2151.13,,29-09-16,10405.54
30-09-16,2168.27,,30-09-16,10511.02
01-10-16,2168.27,,01-10-16,10511.02
02-10-16,2168.27,,02-10-16,10511.02
03-10-16,2161.2,,03-10-16,10511.02
04-10-16,2150.49,,04-10-16,10619.61
05-10-16,2159.73,,05-10-16,10585.78
06-10-16,2160.77,,06-10-16,10568.8
07-10-16,2153.74,,07-10-16,10490.86
08-10-16,2153.74,,08-10-16,10490.86
09-10-16,2153.74,,09-10-16,10490.86
10-10-16,2163.66,,10-10-16,10624.08
11-10-16,2136.73,,11-10-16,10577.16
12-10-16,2139.18,,12-10-16,10523.07
13-10-16,2132.55,,13-10-16,10414.07
14-10-16,2132.98,,14-10-16,10580.38
15-10-16,2132.98,,15-10-16,10580.38
16-10-16,2132.98,,16-10-16,10580.38
17-10-16,2126.5,,17-10-16,10503.57
18-10-16,2139.6,,18-10-16,10631.55
19-10-16,2144.29,,19-10-16,10645.68
20-10-16,2141.34,,20-10-16,10701.39
21-10-16,2141.16,,21-10-16,10710.73
22-10-16,2141.16,,22-10-16,10710.73
23-10-16,2141.16,,23-10-16,10710.73
24-10-16,2151.33,,24-10-16,10761.17
25-10-16,2143.16,,25-10-16,10757.31
26-10-16,2139.43,,26-10-16,10709.68
27-10-16,2133.04,,27-10-16,10717.08
28-10-16,2126.41,,28-10-16,10696.19
29-10-16,2126.41,,29-10-16,10696.19
30-10-16,2126.41,,30-10-16,10696.19
31-10-16,2126.15,,31-10-16,10665.01
01-11-16,2111.72,,01-11-16,10526.16
02-11-16,2097.94,,02-11-16,10370.93
03-11-16,2088.66,,03-11-16,10325.88
04-11-16,2085.18,,04-11-16,10259.13
05-11-16,2085.18,,05-11-16,10259.13
06-11-16,2085.18,,06-11-16,10259.13
07-11-16,2131.52,,07-11-16,10456.95
08-11-16,2139.56,,08-11-16,10482.32
09-11-16,2163.26,,09-11-16,10646.01
10-11-16,2167.48,,10-11-16,10630.12
11-11-16,2164.45,,11-11-16,10667.95
12-11-16,2164.45,,12-11-16,10667.95
13-11-16,2164.45,,13-11-16,10667.95
14-11-16,2164.2,,14-11-16,10693.69
15-11-16,2180.39,,15-11-16,10735.14
16-11-16,2176.94,,16-11-16,10663.87
17-11-16,2187.12,,17-11-16,10685.54
18-11-16,2181.9,,18-11-16,10664.56
19-11-16,2181.9,,19-11-16,10664.56
20-11-16,2181.9,,20-11-16,10664.56
21-11-16,2198.18,,21-11-16,10685.13
22-11-16,2202.94,,22-11-16,10713.85
23-11-16,2204.72,,23-11-16,10662.44
24-11-16,2204.72,,24-11-16,10689.26
25-11-16,2213.35,,25-11-16,10699.27
26-11-16,2213.35,,26-11-16,10699.27
27-11-16,2213.35,,27-11-16,10699.27
28-11-16,2201.72,,28-11-16,10582.67
29-11-16,2204.66,,29-11-16,10620.49
30-11-16,2198.81,,30-11-16,10640.3
01-12-16,2191.08,,01-12-16,10534.05
02-12-16,2191.95,,02-12-16,10513.35
03-12-16,2191.95,,03-12-16,10513.35
04-12-16,2191.95,,04-12-16,10513.35
05-12-16,2204.71,,05-12-16,10684.83
06-12-16,2212.23,,06-12-16,10775.32
07-12-16,2241.35,,07-12-16,10986.69
08-12-16,2246.19,,08-12-16,11179.42
09-12-16,2259.53,,09-12-16,11203.63
10-12-16,2259.53,,10-12-16,11203.63
11-12-16,2259.53,,11-12-16,11203.63
12-12-16,2256.96,,12-12-16,11190.21
13-12-16,2271.72,,13-12-16,11284.65
14-12-16,2253.28,,14-12-16,11244.84
15-12-16,2262.03,,15-12-16,11366.4
16-12-16,2258.07,,16-12-16,11404.01
17-12-16,2258.07,,17-12-16,11404.01
18-12-16,2258.07,,18-12-16,11404.01
19-12-16,2262.53,,19-12-16,11426.7
20-12-16,2270.76,,20-12-16,11464.74
21-12-16,2265.18,,21-12-16,11468.64
22-12-16,2260.96,,22-12-16,11456.1
23-12-16,2263.79,,23-12-16,11449.93
24-12-16,2263.79,,24-12-16,11449.93
25-12-16,2263.79,,25-12-16,11449.93
26-12-16,2263.79,,26-12-16,11449.93
27-12-16,2268.88,,27-12-16,11472.24
28-12-16,2249.92,,28-12-16,11474.99
29-12-16,2249.26,,29-12-16,11451.05
30-12-16,2238.83,,30-12-16,11481.06
31-12-16,2238.83,,31-12-16,11481.06
01-01-17,2238.83,,01-01-17,11481.06
02-01-17,2238.83,,02-01-17,11598.33
03-01-17,2257.83,,03-01-17,11584.24
04-01-17,2270.75,,04-01-17,11584.31
05-01-17,2269,,05-01-17,11584.94
06-01-17,2276.98,,06-01-17,11599.01
07-01-17,2276.98,,07-01-17,11599.01
08-01-17,2276.98,,08-01-17,11599.01
09-01-17,2268.9,,09-01-17,11563.99
10-01-17,2268.9,,10-01-17,11583.3
11-01-17,2275.32,,11-01-17,11646.17
12-01-17,2270.44,,12-01-17,11521.04
13-01-17,2274.64,,13-01-17,11629.18
14-01-17,2274.64,,14-01-17,11629.18
15-01-17,2274.64,,15-01-17,11629.18
16-01-17,2274.64,,16-01-17,11554.71
17-01-17,2267.89,,17-01-17,11540
18-01-17,2271.89,,18-01-17,11599.39
19-01-17,2263.69,,19-01-17,11596.89
20-01-17,2271.31,,20-01-17,11630.13
21-01-17,2271.31,,21-01-17,11630.13
22-01-17,2271.31,,22-01-17,11630.13
23-01-17,2265.2,,23-01-17,11545.75
24-01-17,2280.07,,24-01-17,11594.94
25-01-17,2298.37,,25-01-17,11806.05
26-01-17,2296.68,,26-01-17,11848.63
27-01-17,2294.69,,27-01-17,11814.27
28-01-17,2294.69,,28-01-17,11814.27
29-01-17,2294.69,,29-01-17,11814.27
30-01-17,2280.9,,30-01-17,11681.89
31-01-17,2278.87,,31-01-17,11535.31
01-02-17,2279.55,,01-02-17,11659.5
02-02-17,2280.85,,02-02-17,11627.95
03-02-17,2297.42,,03-02-17,11651.49
04-02-17,2297.42,,04-02-17,11651.49
05-02-17,2297.42,,05-02-17,11651.49
06-02-17,2292.56,,06-02-17,11509.84
07-02-17,2293.08,,07-02-17,11549.44
08-02-17,2294.67,,08-02-17,11543.38
09-02-17,2307.87,,09-02-17,11642.86
10-02-17,2316.1,,10-02-17,11666.97
11-02-17,2316.1,,11-02-17,11666.97
12-02-17,2316.1,,12-02-17,11666.97
13-02-17,2328.25,,13-02-17,11774.43
14-02-17,2337.58,,14-02-17,11771.81
15-02-17,2349.25,,15-02-17,11793.93
16-02-17,2347.22,,16-02-17,11757.24
17-02-17,2351.16,,17-02-17,11757.02
18-02-17,2351.16,,18-02-17,11757.02
19-02-17,2351.16,,19-02-17,11757.02
20-02-17,2351.16,,20-02-17,11827.62
21-02-17,2365.38,,21-02-17,11967.49
22-02-17,2362.82,,22-02-17,11998.59
23-02-17,2363.81,,23-02-17,11947.83
24-02-17,2367.34,,24-02-17,11804.03
25-02-17,2367.34,,25-02-17,11804.03
26-02-17,2367.34,,26-02-17,11804.03
27-02-17,2369.75,,27-02-17,11822.67
28-02-17,2363.64,,28-02-17,11834.41
01-03-17,2395.96,,01-03-17,12067.19
02-03-17,2381.92,,02-03-17,12059.57
03-03-17,2383.12,,03-03-17,12027.36
04-03-17,2383.12,,04-03-17,12027.36
05-03-17,2383.12,,05-03-17,12027.36
06-03-17,2375.31,,06-03-17,11958.4
07-03-17,2368.39,,07-03-17,11966.14
08-03-17,2362.98,,08-03-17,11967.31
09-03-17,2364.87,,09-03-17,11978.39
10-03-17,2372.6,,10-03-17,11963.18
11-03-17,2372.6,,11-03-17,11963.18
12-03-17,2372.6,,12-03-17,11963.18
13-03-17,2373.47,,13-03-17,11990.03
14-03-17,2365.45,,14-03-17,11988.79
15-03-17,2385.26,,15-03-17,12009.87
16-03-17,2381.38,,16-03-17,12083.18
17-03-17,2378.25,,17-03-17,12095.24
18-03-17,2378.25,,18-03-17,12095.24
19-03-17,2378.25,,19-03-17,12095.24
20-03-17,2373.47,,20-03-17,12052.9
21-03-17,2344.02,,21-03-17,11962.13
22-03-17,2348.45,,22-03-17,11904.12
23-03-17,2345.96,,23-03-17,12039.68
24-03-17,2343.98,,24-03-17,12064.27
25-03-17,2343.98,,25-03-17,12064.27
26-03-17,2343.98,,26-03-17,12064.27
27-03-17,2341.59,,27-03-17,11996.07
28-03-17,2358.57,,28-03-17,12149.42
29-03-17,2361.13,,29-03-17,12203
30-03-17,2368.06,,30-03-17,12256.43
31-03-17,2362.72,,31-03-17,12312.87
01-04-17,2362.72,,01-04-17,12312.87
02-04-17,2362.72,,02-04-17,12312.87
03-04-17,2358.84,,03-04-17,12257.2
04-04-17,2360.16,,04-04-17,12282.34
05-04-17,2352.95,,05-04-17,12217.54
06-04-17,2357.49,,06-04-17,12230.89
07-04-17,2355.54,,07-04-17,12225.06
08-04-17,2355.54,,08-04-17,12225.06
09-04-17,2355.54,,09-04-17,12225.06
10-04-17,2357.16,,10-04-17,12200.52
11-04-17,2353.78,,11-04-17,12139.35
12-04-17,2344.93,,12-04-17,12154.7
13-04-17,2328.95,,13-04-17,12109
14-04-17,2328.95,,14-04-17,12109
15-04-17,2328.95,,15-04-17,12109
16-04-17,2328.95,,16-04-17,12109
17-04-17,2349.01,,17-04-17,12109
18-04-17,2342.19,,18-04-17,12000.44
19-04-17,2338.17,,19-04-17,12016.45
20-04-17,2355.84,,20-04-17,12027.32
21-04-17,2348.69,,21-04-17,12048.57
22-04-17,2348.69,,22-04-17,12048.57
23-04-17,2348.69,,23-04-17,12048.57
24-04-17,2374.15,,24-04-17,12454.98
25-04-17,2388.61,,25-04-17,12467.04
26-04-17,2387.45,,26-04-17,12472.8
27-04-17,2388.77,,27-04-17,12443.79
28-04-17,2384.2,,28-04-17,12438.01
29-04-17,2384.2,,29-04-17,12438.01
30-04-17,2384.2,,30-04-17,12438.01
01-05-17,2388.33,,01-05-17,12438.01
02-05-17,2391.17,,02-05-17,12507.9
03-05-17,2388.13,,03-05-17,12527.84
04-05-17,2389.52,,04-05-17,12647.78
05-05-17,2399.29,,05-05-17,12716.89
06-05-17,2399.29,,06-05-17,12716.89
07-05-17,2399.29,,07-05-17,12716.89
08-05-17,2399.38,,08-05-17,12694.55
09-05-17,2396.92,,09-05-17,12749.12
10-05-17,2399.63,,10-05-17,12757.46
11-05-17,2394.44,,11-05-17,12711.06
12-05-17,2390.9,,12-05-17,12770.41
13-05-17,2390.9,,13-05-17,12770.41
14-05-17,2390.9,,14-05-17,12770.41
15-05-17,2402.32,,15-05-17,12807.04
16-05-17,2400.67,,16-05-17,12804.53
17-05-17,2357.03,,17-05-17,12631.61
18-05-17,2365.72,,18-05-17,12590.06
19-05-17,2381.73,,19-05-17,12638.69
20-05-17,2381.73,,20-05-17,12638.69
21-05-17,2381.73,,21-05-17,12638.69
22-05-17,2394.02,,22-05-17,12619.46
23-05-17,2398.42,,23-05-17,12659.15
24-05-17,2404.39,,24-05-17,12642.87
25-05-17,2415.07,,25-05-17,12621.72
26-05-17,2415.82,,26-05-17,12602.18
27-05-17,2415.82,,27-05-17,12602.18
28-05-17,2415.82,,28-05-17,12602.18
29-05-17,2415.82,,29-05-17,12628.95
30-05-17,2412.91,,30-05-17,12598.68
31-05-17,2411.8,,31-05-17,12615.06
01-06-17,2430.06,,01-06-17,12664.92
02-06-17,2439.07,,02-06-17,12822.94
03-06-17,2439.07,,03-06-17,12822.94
04-06-17,2439.07,,04-06-17,12822.94
05-06-17,2436.1,,05-06-17,12822.94
06-06-17,2429.33,,06-06-17,12690.12
07-06-17,2433.14,,07-06-17,12672.49
08-06-17,2433.79,,08-06-17,12713.58
09-06-17,2431.77,,09-06-17,12815.72
10-06-17,2431.77,,10-06-17,12815.72
11-06-17,2431.77,,11-06-17,12815.72
12-06-17,2429.39,,12-06-17,12690.44
13-06-17,2440.35,,13-06-17,12764.98
14-06-17,2437.92,,14-06-17,12805.95
15-06-17,2432.46,,15-06-17,12691.81
16-06-17,2433.15,,16-06-17,12752.73
17-06-17,2433.15,,17-06-17,12752.73
18-06-17,2433.15,,18-06-17,12752.73
19-06-17,2453.46,,19-06-17,12888.95
20-06-17,2437.03,,20-06-17,12814.79
21-06-17,2435.61,,21-06-17,12774.26
22-06-17,2434.5,,22-06-17,12794
23-06-17,2438.3,,23-06-17,12733.41
24-06-17,2438.3,,24-06-17,12733.41
25-06-17,2438.3,,25-06-17,12733.41
26-06-17,2439.07,,26-06-17,12770.83
27-06-17,2419.38,,27-06-17,12671.02
28-06-17,2440.69,,28-06-17,12647.27
29-06-17,2419.7,,29-06-17,12416.19
30-06-17,2423.41,,30-06-17,12325.12
01-07-17,2423.41,,01-07-17,12325.12
02-07-17,2423.41,,02-07-17,12325.12
03-07-17,2429.01,,03-07-17,12475.31
04-07-17,2429.01,,04-07-17,12437.13
05-07-17,2432.54,,05-07-17,12453.68
06-07-17,2409.75,,06-07-17,12381.25
07-07-17,2425.18,,07-07-17,12388.68
08-07-17,2425.18,,08-07-17,12388.68
09-07-17,2425.18,,09-07-17,12388.68
10-07-17,2427.43,,10-07-17,12445.92
11-07-17,2425.53,,11-07-17,12437.02
12-07-17,2443.25,,12-07-17,12626.58
13-07-17,2447.83,,13-07-17,12641.33
14-07-17,2459.27,,14-07-17,12631.72
15-07-17,2459.27,,15-07-17,12631.72
16-07-17,2459.27,,16-07-17,12631.72
17-07-17,2459.14,,17-07-17,12587.16
18-07-17,2460.61,,18-07-17,12430.39
19-07-17,2473.83,,19-07-17,12452.05
20-07-17,2473.45,,20-07-17,12447.25
21-07-17,2472.54,,21-07-17,12240.06
22-07-17,2472.54,,22-07-17,12240.06
23-07-17,2472.54,,23-07-17,12240.06
24-07-17,2469.91,,24-07-17,12208.95
25-07-17,2477.13,,25-07-17,12264.31
26-07-17,2477.83,,26-07-17,12305.11
27-07-17,2475.42,,27-07-17,12212.04
28-07-17,2472.1,,28-07-17,12162.7
29-07-17,2472.1,,29-07-17,12162.7
30-07-17,2472.1,,30-07-17,12162.7
31-07-17,2470.3,,31-07-17,12118.25
01-08-17,2476.35,,01-08-17,12251.29
02-08-17,2477.57,,02-08-17,12181.48
03-08-17,2472.16,,03-08-17,12154.72
04-08-17,2476.83,,04-08-17,12297.72
05-08-17,2476.83,,05-08-17,12297.72
06-08-17,2476.83,,06-08-17,12297.72
07-08-17,2480.91,,07-08-17,12257.17
08-08-17,2474.92,,08-08-17,12292.05
09-08-17,2474.02,,09-08-17,12154
10-08-17,2438.21,,10-08-17,12014.3
11-08-17,2441.32,,11-08-17,12014.06
12-08-17,2441.32,,12-08-17,12014.06
13-08-17,2441.32,,13-08-17,12014.06
14-08-17,2465.84,,14-08-17,12165.12
15-08-17,2464.61,,15-08-17,12177.04
16-08-17,2468.11,,16-08-17,12263.86
17-08-17,2430.01,,17-08-17,12203.46
18-08-17,2425.55,,18-08-17,12165.19
19-08-17,2425.55,,19-08-17,12165.19
20-08-17,2425.55,,20-08-17,12165.19
21-08-17,2428.37,,21-08-17,12065.99
22-08-17,2452.51,,22-08-17,12229.34
23-08-17,2444.04,,23-08-17,12174.3
24-08-17,2438.97,,24-08-17,12180.83
25-08-17,2443.05,,25-08-17,12167.94
26-08-17,2443.05,,26-08-17,12167.94
27-08-17,2443.05,,27-08-17,12167.94
28-08-17,2444.24,,28-08-17,12123.47
29-08-17,2446.3,,29-08-17,11945.88
30-08-17,2457.59,,30-08-17,12002.47
31-08-17,2471.65,,31-08-17,12055.84
01-09-17,2476.55,,01-09-17,12142.64
02-09-17,2476.55,,02-09-17,12142.64
03-09-17,2476.55,,03-09-17,12142.64
04-09-17,2476.55,,04-09-17,12102.21
05-09-17,2457.85,,05-09-17,12123.71
06-09-17,2465.54,,06-09-17,12214.54
07-09-17,2465.1,,07-09-17,12296.63
08-09-17,2461.43,,08-09-17,12303.98
09-09-17,2461.43,,09-09-17,12303.98
10-09-17,2461.43,,10-09-17,12303.98
11-09-17,2488.11,,11-09-17,12475.24
12-09-17,2496.48,,12-09-17,12524.77
13-09-17,2498.37,,13-09-17,12553.57
14-09-17,2495.62,,14-09-17,12540.45
15-09-17,2500.23,,15-09-17,12518.81
16-09-17,2500.23,,16-09-17,12518.81
17-09-17,2500.23,,17-09-17,12518.81
18-09-17,2503.87,,18-09-17,12559.39
19-09-17,2506.65,,19-09-17,12561.79
20-09-17,2508.24,,20-09-17,12569.17
21-09-17,2500.6,,21-09-17,12600.03
22-09-17,2502.22,,22-09-17,12592.35
23-09-17,2502.22,,23-09-17,12592.35
24-09-17,2502.22,,24-09-17,12592.35
25-09-17,2496.66,,25-09-17,12594.81
26-09-17,2496.84,,26-09-17,12605.2
27-09-17,2507.04,,27-09-17,12657.41
28-09-17,2510.06,,28-09-17,12704.65
29-09-17,2519.36,,29-09-17,12828.86
30-09-17,2519.36,,30-09-17,12828.86
01-10-17,2519.36,,01-10-17,12828.86
02-10-17,2529.12,,02-10-17,12902.65
03-10-17,2534.58,,03-10-17,12902.65
04-10-17,2537.74,,04-10-17,12970.52
05-10-17,2552.07,,05-10-17,12968.05
06-10-17,2549.33,,06-10-17,12955.94
07-10-17,2549.33,,07-10-17,12955.94
08-10-17,2549.33,,08-10-17,12955.94
09-10-17,2544.73,,09-10-17,12976.4
10-10-17,2550.64,,10-10-17,12949.25
11-10-17,2555.24,,11-10-17,12970.68
12-10-17,2550.93,,12-10-17,12982.89
13-10-17,2553.17,,13-10-17,12991.87
14-10-17,2553.17,,14-10-17,12991.87
15-10-17,2553.17,,15-10-17,12991.87
16-10-17,2557.64,,16-10-17,13003.7
17-10-17,2559.36,,17-10-17,12995.06
18-10-17,2561.26,,18-10-17,13043.03
19-10-17,2562.1,,19-10-17,12990.1
20-10-17,2575.21,,20-10-17,12991.28
21-10-17,2575.21,,21-10-17,12991.28
22-10-17,2575.21,,22-10-17,12991.28
23-10-17,2564.98,,23-10-17,13003.14
24-10-17,2569.13,,24-10-17,13013.19
25-10-17,2557.15,,25-10-17,12953.41
26-10-17,2560.4,,26-10-17,13133.28
27-10-17,2581.07,,27-10-17,13217.54
28-10-17,2581.07,,28-10-17,13217.54
29-10-17,2581.07,,29-10-17,13217.54
30-10-17,2572.83,,30-10-17,13229.57
31-10-17,2575.26,,31-10-17,13229.57
01-11-17,2579.36,,01-11-17,13465.51
02-11-17,2579.85,,02-11-17,13440.93
03-11-17,2587.84,,03-11-17,13478.86
04-11-17,2587.84,,04-11-17,13478.86
05-11-17,2587.84,,05-11-17,13478.86
06-11-17,2591.13,,06-11-17,13468.79
07-11-17,2590.64,,07-11-17,13379.27
08-11-17,2594.38,,08-11-17,13382.42
09-11-17,2584.62,,09-11-17,13182.56
10-11-17,2582.3,,10-11-17,13127.47
11-11-17,2582.3,,11-11-17,13127.47
12-11-17,2582.3,,12-11-17,13127.47
13-11-17,2584.84,,13-11-17,13074.42
14-11-17,2578.87,,14-11-17,13033.48
15-11-17,2564.62,,15-11-17,12976.37
16-11-17,2585.64,,16-11-17,13047.22
17-11-17,2578.85,,17-11-17,12993.73
18-11-17,2578.85,,18-11-17,12993.73
19-11-17,2578.85,,19-11-17,12993.73
20-11-17,2582.14,,20-11-17,13058.66
21-11-17,2599.03,,21-11-17,13167.54
22-11-17,2597.08,,22-11-17,13015.04
23-11-17,2597.08,,23-11-17,13008.55
24-11-17,2602.42,,24-11-17,13059.84
25-11-17,2602.42,,25-11-17,13059.84
26-11-17,2602.42,,26-11-17,13059.84
27-11-17,2601.42,,27-11-17,13000.2
28-11-17,2627.04,,28-11-17,13059.53
29-11-17,2626.07,,29-11-17,13061.87
30-11-17,2647.58,,30-11-17,13023.98
01-12-17,2642.22,,01-12-17,12861.49
02-12-17,2642.22,,02-12-17,12861.49
03-12-17,2642.22,,03-12-17,12861.49
04-12-17,2639.44,,04-12-17,13058.55
05-12-17,2629.57,,05-12-17,13048.54
06-12-17,2629.27,,06-12-17,12998.85
07-12-17,2636.98,,07-12-17,13045.15
08-12-17,2651.5,,08-12-17,13153.7
09-12-17,2651.5,,09-12-17,13153.7
10-12-17,2651.5,,10-12-17,13153.7
11-12-17,2659.99,,11-12-17,13123.65
12-12-17,2664.11,,12-12-17,13183.53
13-12-17,2662.85,,13-12-17,13125.64
14-12-17,2652.01,,14-12-17,13068.08
15-12-17,2675.81,,15-12-17,13103.56
16-12-17,2675.81,,16-12-17,13103.56
17-12-17,2675.81,,17-12-17,13103.56
18-12-17,2690.16,,18-12-17,13312.3
19-12-17,2681.47,,19-12-17,13215.79
20-12-17,2679.25,,20-12-17,13069.17
21-12-17,2684.57,,21-12-17,13109.74
22-12-17,2683.34,,22-12-17,13072.79
23-12-17,2683.34,,23-12-17,13072.79
24-12-17,2683.34,,24-12-17,13072.79
25-12-17,2683.34,,25-12-17,13072.79
26-12-17,2680.5,,26-12-17,13072.79
27-12-17,2682.62,,27-12-17,13070.02
28-12-17,2687.54,,28-12-17,12979.94
29-12-17,2673.61,,29-12-17,12917.64
30-12-17,2673.61,,30-12-17,12917.64
31-12-17,2673.61,,31-12-17,12917.64
01-01-18,2673.61,,01-01-18,12917.64
02-01-18,2695.81,,02-01-18,12871.39
03-01-18,2713.06,,03-01-18,12978.21
04-01-18,2723.99,,04-01-18,13167.89
05-01-18,2743.15,,05-01-18,13319.64
06-01-18,2743.15,,06-01-18,13319.64
07-01-18,2743.15,,07-01-18,13319.64
08-01-18,2747.71,,08-01-18,13367.78
09-01-18,2751.29,,09-01-18,13385.59
10-01-18,2748.23,,10-01-18,13281.34
11-01-18,2767.56,,11-01-18,13202.9
12-01-18,2786.24,,12-01-18,13245.03
13-01-18,2786.24,,13-01-18,13245.03
14-01-18,2786.24,,14-01-18,13245.03
15-01-18,2786.24,,15-01-18,13200.51
16-01-18,2776.42,,16-01-18,13246.33
17-01-18,2802.56,,17-01-18,13183.96
18-01-18,2798.03,,18-01-18,13281.43
19-01-18,2810.3,,19-01-18,13434.45
20-01-18,2810.3,,20-01-18,13434.45
21-01-18,2810.3,,21-01-18,13434.45
22-01-18,2832.97,,22-01-18,13463.69
23-01-18,2839.13,,23-01-18,13559.6
24-01-18,2837.54,,24-01-18,13414.74
25-01-18,2839.25,,25-01-18,13298.36
26-01-18,2872.87,,26-01-18,13340.17
27-01-18,2872.87,,27-01-18,13340.17
28-01-18,2872.87,,28-01-18,13340.17
29-01-18,2853.53,,29-01-18,13324.48
30-01-18,2822.43,,30-01-18,13197.71
31-01-18,2823.81,,31-01-18,13189.48
01-02-18,2821.98,,01-02-18,13003.9
02-02-18,2762.13,,02-02-18,12785.16
03-02-18,2762.13,,03-02-18,12785.16
04-02-18,2762.13,,04-02-18,12785.16
05-02-18,2648.94,,05-02-18,12687.49
06-02-18,2695.14,,06-02-18,12392.66
07-02-18,2681.66,,07-02-18,12590.43
08-02-18,2581,,08-02-18,12260.29
09-02-18,2619.55,,09-02-18,12107.48
10-02-18,2619.55,,10-02-18,12107.48
11-02-18,2619.55,,11-02-18,12107.48
12-02-18,2656,,12-02-18,12282.77
13-02-18,2662.94,,13-02-18,12196.5
14-02-18,2698.63,,14-02-18,12339.16
15-02-18,2731.2,,15-02-18,12346.17
16-02-18,2732.22,,16-02-18,12451.96
17-02-18,2732.22,,17-02-18,12451.96
18-02-18,2732.22,,18-02-18,12451.96
19-02-18,2732.22,,19-02-18,12385.6
20-02-18,2716.26,,20-02-18,12487.9
21-02-18,2701.33,,21-02-18,12470.49
22-02-18,2703.96,,22-02-18,12461.91
23-02-18,2747.3,,23-02-18,12483.79
24-02-18,2747.3,,24-02-18,12483.79
25-02-18,2747.3,,25-02-18,12483.79
26-02-18,2779.6,,26-02-18,12527.04
27-02-18,2744.28,,27-02-18,12490.73
28-02-18,2713.83,,28-02-18,12435.85
01-03-18,2677.67,,01-03-18,12190.94
02-03-18,2691.25,,02-03-18,11913.71
03-03-18,2691.25,,03-03-18,11913.71
04-03-18,2691.25,,04-03-18,11913.71
05-03-18,2720.94,,05-03-18,12090.87
06-03-18,2728.12,,06-03-18,12113.87
07-03-18,2726.8,,07-03-18,12245.36
08-03-18,2738.97,,08-03-18,12355.57
09-03-18,2786.57,,09-03-18,12346.68
10-03-18,2786.57,,10-03-18,12346.68
11-03-18,2786.57,,11-03-18,12346.68
12-03-18,2783.02,,12-03-18,12418.39
13-03-18,2765.31,,13-03-18,12221.03
14-03-18,2749.48,,14-03-18,12237.74
15-03-18,2747.33,,15-03-18,12345.56
16-03-18,2752.01,,16-03-18,12389.58
17-03-18,2752.01,,17-03-18,12389.58
18-03-18,2752.01,,18-03-18,12389.58
19-03-18,2712.92,,19-03-18,12217.02
20-03-18,2716.94,,20-03-18,12307.33
21-03-18,2711.93,,21-03-18,12309.15
22-03-18,2643.69,,22-03-18,12100.08
23-03-18,2588.26,,23-03-18,11886.31
24-03-18,2588.26,,24-03-18,11886.31
25-03-18,2588.26,,25-03-18,11886.31
26-03-18,2658.55,,26-03-18,11787.26
27-03-18,2612.62,,27-03-18,11970.83
28-03-18,2605,,28-03-18,11940.71
29-03-18,2640.87,,29-03-18,12096.73
30-03-18,2640.87,,30-03-18,12096.73
31-03-18,2640.87,,31-03-18,12096.73
01-04-18,2640.87,,01-04-18,12096.73
02-04-18,2581.88,,02-04-18,12096.73
03-04-18,2614.45,,03-04-18,12002.45
04-04-18,2644.69,,04-04-18,11957.9
05-04-18,2662.84,,05-04-18,12305.19
06-04-18,2604.47,,06-04-18,12241.27
07-04-18,2604.47,,07-04-18,12241.27
08-04-18,2604.47,,08-04-18,12241.27
09-04-18,2613.16,,09-04-18,12261.75
10-04-18,2656.87,,10-04-18,12397.32
11-04-18,2642.19,,11-04-18,12293.97
12-04-18,2663.99,,12-04-18,12415.01
13-04-18,2656.3,,13-04-18,12442.4
14-04-18,2656.3,,14-04-18,12442.4
15-04-18,2656.3,,15-04-18,12442.4
16-04-18,2677.84,,16-04-18,12391.41
17-04-18,2706.39,,17-04-18,12585.57
18-04-18,2708.64,,18-04-18,12590.83
19-04-18,2693.13,,19-04-18,12567.42
20-04-18,2670.14,,20-04-18,12540.5
21-04-18,2670.14,,21-04-18,12540.5
22-04-18,2670.14,,22-04-18,12540.5
23-04-18,2670.29,,23-04-18,12572.39
24-04-18,2634.56,,24-04-18,12550.82
25-04-18,2639.4,,25-04-18,12422.3
26-04-18,2666.94,,26-04-18,12500.47
27-04-18,2669.91,,27-04-18,12580.87
28-04-18,2669.91,,28-04-18,12580.87
29-04-18,2669.91,,29-04-18,12580.87
30-04-18,2648.05,,30-04-18,12612.11
01-05-18,2654.8,,01-05-18,12612.11
02-05-18,2635.67,,02-05-18,12802.25
03-05-18,2629.73,,03-05-18,12690.15
04-05-18,2663.42,,04-05-18,12819.6
05-05-18,2663.42,,05-05-18,12819.6
06-05-18,2663.42,,06-05-18,12819.6
07-05-18,2672.63,,07-05-18,12948.14
08-05-18,2671.92,,08-05-18,12912.21
09-05-18,2697.79,,09-05-18,12943.06
10-05-18,2723.07,,10-05-18,13022.87
11-05-18,2727.72,,11-05-18,13001.24
12-05-18,2727.72,,12-05-18,13001.24
13-05-18,2727.72,,13-05-18,13001.24
14-05-18,2730.13,,14-05-18,12977.71
15-05-18,2711.45,,15-05-18,12970.04
16-05-18,2722.46,,16-05-18,12996.33
17-05-18,2720.13,,17-05-18,13114.61
18-05-18,2712.97,,18-05-18,13077.72
19-05-18,2712.97,,19-05-18,13077.72
20-05-18,2712.97,,20-05-18,13077.72
21-05-18,2733.01,,21-05-18,13077.72
22-05-18,2724.44,,22-05-18,13169.92
23-05-18,2733.29,,23-05-18,12976.84
24-05-18,2727.76,,24-05-18,12855.09
25-05-18,2721.33,,25-05-18,12938.01
26-05-18,2721.33,,26-05-18,12938.01
27-05-18,2721.33,,27-05-18,12938.01
28-05-18,2721.33,,28-05-18,12863.46
29-05-18,2689.86,,29-05-18,12666.51
30-05-18,2724.01,,30-05-18,12783.76
31-05-18,2705.27,,31-05-18,12604.89
01-06-18,2734.62,,01-06-18,12724.27
02-06-18,2734.62,,02-06-18,12724.27
03-06-18,2734.62,,03-06-18,12724.27
04-06-18,2746.87,,04-06-18,12770.75
05-06-18,2748.8,,05-06-18,12787.13
06-06-18,2748.8,,06-06-18,12839.78
